j,w,p,q,q0,pr,x1,z1,x2,z2,t
4,0.6481088199345924,3.591769007551484,0.292944059330433,0.45576681001809566,0.8164994221115287,0.6531037054209605,1.0002147478768422,1.7062842869413792,1.8207268226135374,1.0
7,0.9996981328970649,5.192581558594245,0.2512891306514714,0.45576681001809566,0.8716729811102413,1.0002147478768422,0.6531037054209605,1.8207268226135374,1.7062842869413792,1.0
1,0.5841975491522275,2.6999342480879545,0.08003246230716203,0.3919426154359629,0.15723530715794498,0.3591451396216501,7.195788188360409,0.4216696531620961,2.199604597890215,2.0
4,0.529113729081653,4.59342540029383,0.14043869024425876,0.3919426154359629,0.44668523102960017,2.38008409113501,5.17484923684705,0.12833853928736078,2.49293571176495,2.0
5,0.5012133576980073,4.419567835362021,0.13684964796614765,0.3919426154359629,0.4460820357379647,2.2638383622960307,5.291094965686028,0.44082518228058665,2.1804490687717246,2.0
8,0.9359438482005398,3.292316333486199,0.08629731718471552,0.3919426154359629,0.14765722045864604,0.5182377485616861,7.036695579420373,1.0270555308469775,1.5942187202053335,2.0
9,0.11633277506786999,2.950225258183111,0.1644392668617532,0.3919426154359629,0.4463454002466327,2.0336279863676823,5.521305341614378,0.6033853454752901,2.017888905577021,2.0
1,0.8776940460927443,3.215224883347904,0.06647494029227864,0.3990950493285495,0.11735256619995209,0.1072603183847542,6.232598027717417,0.044851098629306294,1.7353448459424403,3.0
4,0.03931912183211095,2.492727618421921,0.07174107214272896,0.3990950493285495,0.12121371184140037,1.194293448042624,5.145564898059547,0.20820946623874884,1.5719864783329978,3.0
5,0.10404520940684026,2.458328954073219,0.10771337185525195,0.3990950493285495,0.17987612343710058,1.3871979233466438,4.952660422755527,0.4003173590941699,1.3798785854775768,3.0
7,0.511703254222748,3.500820581681846,0.21047558100335217,0.3990950493285495,0.5891005598745771,1.6563624147525586,4.683495931349613,1.0813552608072003,0.6988406837645462,3.0
9,0.13417182136838912,3.3553985899742282,0.14449998537783854,0.3990950493285495,0.38240886394822465,1.9947442415755912,4.34511410452658,0.04546275980232106,1.7347331847694254,3.0
7,0.23485058468233566,3.9395036582032485,0.17812908553806725,0.5954759006035083,0.5447788840623191,1.0719683312144672,1.2172692013558317,0.2662222336765482,1.1434764570508946,4.0
8,0.779968726141689,3.7971755864582493,0.12043668479586582,0.5954759006035083,0.24998907691386385,0.7365906609572205,1.5526468716130783,0.6623209604869864,0.7473777302404565,4.0
10,0.9778346109226677,3.650841067937402,0.10595832906255877,0.5954759006035083,0.20154654292089008,0.4806785403986113,1.8085589921716876,0.4811554965639083,0.9285431941635346,4.0
1,0.439324615366107,3.2491083512306966,0.07662676182787977,0.5084202213856976,0.13888911210036686,0.45705291950066135,2.932133085858842,0.37688011471101757,1.2225254004537454,5.0
3,0.556558488507185,5.452187449369003,0.2108304186989864,0.5084202213856976,0.8709532159675335,1.5704384787507701,1.8187475266087334,1.089914055828582,0.509491459336181,5.0
8,0.946720603080075,3.7890025724528056,0.06620601792679512,0.5084202213856976,0.13045650486471946,0.008009774665700284,3.381176230693803,0.008324309111402672,1.5910812060533603,5.0
9,0.12504793549424242,3.5394693931506196,0.13791658016064123,0.5084202213856976,0.36873735913815975,1.353684832442372,2.0355011729171313,0.1242870355137609,1.4751184796510022,5.0
4,0.7036035770031637,2.977116064071385,0.06762762177248585,0.2635261873944754,0.12467094631862773,1.5637443708437726,6.482737603645199,0.44104328767004447,3.944624784551771,6.0
5,0.34279387124307203,6.469502163402075,0.32577334404471486,0.2635261873944754,1.9761555848677486,2.565423142984995,5.481058831503976,1.6042580654259257,2.7814100067958893,6.0
6,0.35990129422914285,2.333901460006996,0.10251531389665297,0.2635261873944754,0.1824557097297284,0.5034991152053526,7.542982859283619,0.7838604429797361,3.601807629242079,6.0
7,0.4139968252407116,3.035962745563586,0.13417102781110624,0.2635261873944754,0.2955351262411697,1.0895814413084903,6.956900533180481,1.264318396483046,3.1213496757387693,6.0
8,0.3483311824929751,2.2826408544467136,0.03736616769553389,0.2635261873944754,0.061659446260065,0.8004481494667844,7.246033825022187,0.23800047391352303,4.147667598308292,6.0
9,0.39024152278006463,2.152592440373872,0.06902033738503058,0.2635261873944754,0.11526306507750651,1.523785754679576,6.522696219809395,0.054187405749539626,4.331480666472276,6.0
3,0.8236394359558945,3.964354312357055,0.1450097954627987,0.5154849699054695,0.3358481813497574,1.7410910161773396,6.044362710045703,1.0914364761109057,0.6955848722795472,7.0
4,0.9486501861450207,3.792050751149649,0.10416996067095767,0.5154849699054695,0.22027756514005853,1.637926168866724,6.147527557356318,0.588033161810504,1.1989881865799488,7.0
7,0.514952256444785,12.404546361599083,0.235335273960774,0.5154849699054695,2.6052548642249533,4.406436541178978,3.379017185044064,0.10755171046904326,1.6794696379214096,7.0
1,0.1898058669032534,2.1599019214661,0.07045366350043569,0.30560331841113997,0.10236335354667275,0.4498623390978791,2.7406285981795024,0.04444173943411348,1.9761217209593656,8.0
2,0.04461186961013741,2.4491104435146887,0.09638071863032437,0.30560331841113997,0.15446692618608335,0.6125950160835076,2.577895921193874,0.05633070686731378,1.9642327535261652,8.0
5,0.6111297958072739,3.49533972755383,0.15669590146538023,0.30560331841113997,0.3226116588994255,0.5687007254947094,2.621790211782672,0.8690438469685129,1.1515196134249661,8.0
6,0.08605597546186572,2.4316225978530848,0.13252650727228232,0.30560331841113997,0.25592804960474735,0.8437402018799145,2.346750735397467,0.1625757933906044,1.8579876670028745,8.0
9,0.4891448195640944,2.4690276372205995,0.07720550674502043,0.30560331841113997,0.13711948800354212,0.24681237659102537,2.9436785606863562,0.3288937453921079,1.691669715001371,8.0
10,0.09235476570844181,2.334676950247883,0.16113438397541688,0.30560331841113997,0.3000221807502531,0.4687802781303455,2.721710659147036,0.5592776283408267,1.4612858320526523,8.0
2,0.9088434481662666,5.606223165794531,0.22807122651451395,0.38562982575588306,0.9313982064347104,3.558628601650822,4.606007366656305,0.6821166742381396,2.3102554068109797,9.0
4,0.11815547633305523,2.7182388118284377,0.06572120749450307,0.38562982575588306,0.12237929257589449,0.2839730609724871,7.88066290733464,0.288124230934605,2.7042478501145144,9.0
6,0.2804347691193705,4.756242412699574,0.29104016536507793,0.38562982575588306,1.1198732009257706,3.015648319244498,5.148987649062629,1.7649160854788855,1.227455995570234,9.0
9,0.7629817140065376,2.9130870027927966,0.02953757487002203,0.38562982575588306,0.0472445770000769,1.3063859864393197,6.858249981867807,0.25721509039748963,2.73515699065163,9.0
3,0.09887307444666882,4.363148780154387,0.1657873330941575,0.5351646881385883,0.5651155566821211,0.8592748987446956,0.18267570152730972,0.3084714405766494,1.067547142864636,10.0
5,0.7734526654293026,3.1482650806574815,0.07291113306491727,0.5351646881385883,0.12320100267041348,0.16685959512793183,0.8750910051440736,0.20175221602152893,1.1742663674197562,10.0
6,0.5618603378208924,3.5323583846665936,0.22613684570233694,0.5351646881385883,0.540378919094963,0.01581610639937786,1.0261344938726276,0.8657949268431068,0.5102236565981785,10.0
2,0.8881874366912788,4.547493898325525,0.2097694712987292,0.5412327716205022,0.6059025052140836,0.9782430872849638,1.1997045030202207,0.6389481654606084,0.2945348610161971,11.0
9,0.8641765872258145,4.893920655047942,0.24899775708076863,0.5412327716205022,0.9941545046835191,1.1997045030202207,0.9782430872849637,0.29453486101619714,0.6389481654606084,11.0
2,0.3068085851751008,5.090834292922216,0.20233299281927344,0.27332561699804886,0.787605673129774,2.1068042481673523,3.1594030703199283,0.06099735577217944,3.4632425038654358,12.0
5,0.6587034898156234,2.9979993633589337,0.03802807997031303,0.27332561699804886,0.06739535448692974,0.9097682332938456,4.356439085193435,0.07123906317388878,3.4530007964637264,12.0
6,0.25504425508622375,4.060290599745896,0.1785820795405127,0.27332561699804886,0.5350343822902169,0.21603645389764695,5.050170864589633,1.9740310524407345,1.5502088071968805,12.0
9,0.18454563470097374,3.7830234722936074,0.16409132861334225,0.27332561699804886,0.47548641404128866,1.7862208899781045,3.479986428509176,0.3292562607541182,3.1949835988834967,12.0
10,0.025468496877130375,2.683367993325398,0.14363990205850974,0.27332561699804886,0.3136627586974832,0.24737749315033117,5.018829825336949,1.0887161274966939,2.435523732140921,12.0
1,0.9683694483871392,3.718412955320148,0.12270933820282556,0.33464751033631257,0.2238689828475355,0.8232187158464273,3.6045847660212127,1.0639030118251185,2.567530988454033,13.0
2,0.5143003537024842,3.345383284772509,0.21438995104619682,0.33464751033631257,0.5464264905149919,1.3205456231307675,3.1072578587368724,1.1659812892585957,2.4654527110205557,13.0
5,0.5151416826263158,3.209898318224047,0.06673327840686276,0.33464751033631257,0.11552325346136413,0.14513952430102775,4.282663957566612,0.4532644621403879,3.1781695381387634,13.0
7,0.5921950871368868,3.441317711635706,0.1373251481690451,0.33464751033631257,0.334766557509955,1.8036015115224442,2.6242019703451955,0.06169732609904739,3.569736674180104,13.0
9,0.9122364782734602,2.8934429616173998,0.12419477383875732,0.33464751033631257,0.21036562907931014,0.3352981070669733,4.092505374800667,0.8865879109560019,2.7448460893231497,13.0
3,0.6093392304970005,3.571293576283288,0.21143221107810395,0.43029517975079196,0.4824440503598818,0.11732158298114385,1.8600836296197936,1.2697333182333361,1.4919035859578456,14.0
4,0.269837696948257,4.373356749931011,0.15884381336551504,0.43029517975079196,0.5656625792022687,1.3673360379882438,0.6100691746126936,0.5271678624163723,2.234469041774809,14.0
9,0.4578969451556367,3.0750280171463107,0.19942879580558917,0.43029517975079196,0.5147109038905643,0.4927475916315499,1.4846576209693874,0.9647357235414735,1.7969011806497082,14.0
2,0.511008252845957,2.502629586557344,0.07172221540418376,0.44565792392060755,0.10175513845751195,0.09875866400796203,0.7646806729547683,0.04888426114482935,1.6443533675201771,15.0
7,0.04383056265501506,2.644040162098817,0.15528643343529525,0.44565792392060755,0.38535512241242775,0.5138640042129683,0.34957533274976205,0.10139074991956577,1.5918468787454405,15.0
8,0.30114069842526936,3.5437316921077215,0.32733342723991343,0.44565792392060755,0.9506335087841176,0.2508166687418,0.6126226682209304,1.5429626176006113,0.15027501106439511,15.0
3,0.8376763682611772,4.271628943814077,0.15090166586339548,0.3677067708606816,0.4000916257527236,1.0909364888233863,1.8383229856869927,1.0105809760060465,3.10690173920511,16.0
4,0.28537057229182117,4.298947388313509,0.35272462986147624,0.3677067708606816,1.1524189599824188,0.9538354882126723,1.9754239862977068,2.069226585694853,2.0482561295163038,16.0
6,0.8094159459832182,3.383851033913699,0.1286669334144464,0.3677067708606816,0.24624349186759165,0.8844874974743205,2.0447719770360586,1.037675153510257,3.0798075617008998,16.0
4,0.15405083671886977,4.6236010334563415,0.20496753633215495,0.35689481632695597,0.8694717156305697,2.450302437079874,4.2347259590588475,0.07782736959262318,3.5775518385587217,17.0
5,0.9839904984595014,3.6174571334508054,0.1013790288008389,0.35689481632695597,0.20146735466172133,1.4824017942640766,5.202626601874645,0.9030410103688359,2.752338197782509,17.0
6,0.25952388806748483,2.6682834861780456,0.06793569313011626,0.35689481632695597,0.11403176574903393,0.39615836810331656,6.288870028035404,0.5223870479638731,3.132992160187472,17.0
7,0.949729835682158,3.17519163773872,0.11532976696877782,0.35689481632695597,0.24337994806089824,0.8306457029924864,5.854382693146235,0.9752078425267244,2.6801713656246204,17.0
10,0.8249211747982188,3.475516701239237,0.15349315844115607,0.35689481632695597,0.38589824071317735,1.525520093698968,5.159508302439753,1.1769159376992882,2.478463270452057,17.0
4,0.6309159320099496,3.329545986822153,0.2417944881206636,0.1717837509264087,0.6422683727160632,1.3200742641096366,4.576603739737754,2.5399509089284247,6.721847745732447,18.0
5,0.9273052959459784,3.6897560202121817,0.17106797015081576,0.1717837509264087,0.4488882454798999,0.0773364285710894,5.819341575276301,2.3057348513406226,6.95606380332025,18.0
7,0.827548085991983,3.3952673300254466,0.09588823602258563,0.1717837509264087,0.1737258836232642,0.5345466156369001,5.36213138821049,1.8538169082251288,7.407981746435743,18.0
9,0.9053150405050867,2.657164724958244,0.05534662259367914,0.1717837509264087,0.08979548713657866,1.5244541121034751,4.372223891743915,0.6214959012934514,8.64030275336742,18.0
10,0.608575482120074,5.804317345962145,0.26411893218584714,0.1717837509264087,1.1828132901225272,2.4402665834262893,3.456411420421101,1.9408000848732436,7.320998569787628,18.0
6,0.3716678277423504,3.1881707489989832,0.22184517483471855,0.4117168509781049,0.5665862659544209,0.6860568492440384,1.083422346957927,0.7035186971892933,1.0136338889950691,19.0
7,0.505570844026688,3.529392934683754,0.15196509557657362,0.4117168509781049,0.38697114093478235,1.0309880394468443,0.7384911567551211,0.17382881448049226,1.5433237717038701,19.0
9,0.31010145522647736,2.9104421186391023,0.2144728786106028,0.4117168509781049,0.49787396574751275,0.05243430751108264,1.7170448886908827,0.839805074514577,0.8773475116697854,19.0
5,0.6223971787578835,3.7077374048357576,0.1388345782508819,0.21234659767164263,0.3923073335891444,1.984849935095935,3.9381201237987455,0.71933660292423,6.502104972232949,20.0
6,0.6731703790188943,4.89393609373945,0.2834704332775677,0.21234659767164263,1.1780087884399042,1.9871327669249672,3.9358372919697135,1.7648470733378683,5.4565945018193105,20.0
7,0.2301126668132185,2.0422626054129025,0.027529059201476667,0.21234659767164263,0.041349040558395896,0.7375139023763473,5.185456156518333,0.06039443693082001,7.161047138226359,20.0
8,0.9507888339058226,3.739253007832651,0.1662305091771078,0.21234659767164263,0.43119678074313544,0.3480105677196061,5.574959491175075,2.3466321743534766,4.874809400803702,20.0
10,0.7929130145925753,3.2530847664878717,0.17158882242132314,0.21234659767164263,0.3974745249346624,0.8654628867778247,5.057507172116856,2.330231287610784,4.891210287546395,20.0
2,0.13288249007081476,1.9636168005583954,0.0873298631171109,0.22820054744593976,0.13419731529728313,0.6383662156569841,0.9045568127884499,0.22520699519830556,4.8008484704001795,21.0
6,0.8243711771244862,6.964544932673443,0.5620983825306977,0.22820054744593976,3.02210396896803,0.8409602499557519,0.7019627784896821,4.179018099881846,0.8470373657166386,21.0
7,0.4899239170671088,2.4601008112518867,0.12237120690625178,0.22820054744593976,0.22792830289040505,0.06359656283269798,1.479326465612736,0.6218303705183329,4.404225095080152,21.0
2,0.4047790221221088,2.712482435508283,0.040996148267935004,0.17867720652929356,0.05955765779093992,0.1980198829412371,1.5699825584524831,0.5149259747720961,4.547879017566256,22.0
4,0.34993234125732897,2.333502115753258,0.06715633609924854,0.17867720652929356,0.121184965591059,0.3461473563581123,1.421855085035608,0.42576734143669215,4.63703765090166,22.0
6,0.3089712850194173,5.1383549948538665,0.5985978564351704,0.17867720652929356,2.696547641313407,0.35481863716539414,1.4131838042283262,3.719811784802522,1.3429932075358297,22.0
7,0.10198636797550553,2.6355001435987444,0.11457245266835236,0.17867720652929356,0.22899934666665242,0.8690165649289768,0.8989858764647435,0.40229989132704214,4.66050510101131,22.0
1,0.7790320147637726,4.06026660377937,0.19811223243191425,0.28291276503876267,0.5746178021435661,1.593486942940995,3.2092102997154726,0.5828186170442646,2.073715665510379,23.0
3,0.7163331463733791,3.093775338397377,0.0884047324885155,0.28291276503876267,0.15710992057056836,0.19761539168813846,4.605081850968329,0.7243693946352379,1.9321648879194055,23.0
4,0.33534474930762204,2.3465803204179436,0.07697466561574101,0.28291276503876267,0.11150670345543832,1.0988573892051812,3.7038398534512864,0.04190429451308097,2.6146299880415627,23.0
7,0.7027581512830487,2.7782013685383347,0.054245027396673695,0.28291276503876267,0.08860971954988804,0.067930528756573,4.734766713899894,0.21334187103082272,2.4431924115238206,23.0
8,0.4089871568181833,3.8364408855000636,0.15721117865392342,0.28291276503876267,0.4072868045351297,1.5339940600797766,3.268703182576691,0.3174976433815301,2.339036639173113,23.0
9,0.37503220375974067,2.504586806498459,0.14213939837446948,0.28291276503876267,0.2844108624109887,0.310812929985804,4.491884312670663,0.7766024619497072,1.8799318206049362,23.0
1,0.11232671045878972,2.88701018858178,0.22151878842886003,0.5137141927933676,0.5346502318846277,0.08338769729586254,1.2079022072120573,0.892408585861739,0.6642025257518152,24.0
4,0.38180747938586546,3.282193032167988,0.15428142143905244,0.5137141927933676,0.3851373083601451,0.7221549535713442,0.5691349509365756,0.2805649001423873,1.2760462114711668,24.0
9,0.9270117052334688,4.0037299184936765,0.11048559733871992,0.5137141927933676,0.24359201451089574,0.48574725364071303,0.8055426508672068,0.38363762560942793,1.172973486004126,24.0
4,0.8559986198707847,5.250665997731716,0.12668795155632676,0.5863408379967164,0.43796395243119596,1.4463068572622957,1.0845752757695113,0.19305240798591178,1.2093902141645843,25.0
10,0.0015232988016942173,3.9176853149168154,0.2869712104469572,0.5863408379967164,1.075859344413129,1.0845752757695113,1.4463068572622957,1.2093902141645843,0.19305240798591172,25.0
4,0.7200788878159456,12.013627681112418,0.27435603746905096,0.47107681438846205,3.0298812487401086,2.2761695825323813,0.7156661553931154,1.9268896051680977,1.0591696466262956,26.0
5,0.07409446464646385,3.1315766688615936,0.11664058285918572,0.47107681438846205,0.26402467527016055,0.4037482347938897,2.588087503131607,0.6578138765215183,2.328245375272875,26.0
10,0.3518330439799129,3.4161064962970737,0.13792656528330136,0.47107681438846205,0.37858340326260204,0.31191792059922574,2.679917817326271,0.40135577010477747,2.584703481689616,26.0
2,0.39842066842029245,2.496223282933664,0.08931379149144066,0.22839911609291136,0.16474104925877667,0.1994418063867158,6.216566507817513,0.28326745199933706,4.248928643222756,27.0
3,0.9158893836603046,3.264335119502701,0.16961709638317257,0.22839911609291136,0.3870356833509303,0.6993356114630896,5.716672702741139,1.884625508768832,2.647570586453261,27.0
5,0.2722361880160755,5.096749175551655,0.28734434416216736,0.22839911609291136,1.3574959108819553,2.3626264759233004,4.053381838280928,1.1248733467717937,3.4073227484502997,27.0
7,0.5179504428377835,2.3881212441303927,0.06760744316017207,0.22839911609291136,0.12257303591213796,1.0682895745056482,5.34771873969858,0.6346800339711842,3.8975160612509088,27.0
9,0.6777471761790788,3.563453079656573,0.10308090568594162,0.22839911609291136,0.19771787700839288,2.072339630785855,4.3436686834183735,0.41700912735797097,4.115186967864123,27.0
10,0.7047562110967189,2.3877072639230574,0.05463730302419453,0.22839911609291136,0.09031049928638882,0.01397521513961966,6.402033099064609,0.18774062635297517,4.344455468869118,27.0
2,0.2508598336832779,2.3720175669215093,0.039702015649665585,0.35417812125254194,0.05880396046168823,1.1529490434419374,6.174951605495061,0.5109426074134443,5.621259653683371,28.0
3,0.25377462868572165,2.050655090136345,0.023649424987816477,0.35417812125254194,0.03141778769835467,0.8483123529302918,6.479588296006707,0.11580918889857413,6.016393072198241,28.0
4,0.07851477872219803,2.7625216999043487,0.03919318024315787,0.35417812125254194,0.07191932782390828,0.4811243935538984,6.846776255383101,0.11061236540328297,6.021589895693531,28.0
6,0.33757297942909714,6.381189866267993,0.29312151706442235,0.35417812125254194,1.565260734876421,2.458729482019723,4.869171166917276,2.649641477437555,3.4825607836592596,28.0
7,0.5952244042277548,3.0552352610703912,0.03475635771141698,0.35417812125254194,0.053026082162702076,0.4340029661082853,6.8938976828287135,0.17285460982609283,5.959347651270722,28.0
9,0.4137142148727433,4.798022206664,0.21539938309097872,0.35417812125254194,0.7526813892379597,1.9527824108828626,5.375118238054136,2.5723420121178657,3.559860248978949,28.0
1,0.0187091255398959,2.54742622632283,0.12096952370157311,0.26723577872526394,0.28755219228873424,0.04756433507842749,2.101896471174019,0.7417653224961963,3.498443156069722,29.0
5,0.5133254366248599,2.719106897744456,0.08560086710248382,0.26723577872526394,0.15101210031179294,0.40648531995970055,1.742975486292746,0.6708885190279115,3.569319959538007,29.0
6,0.16570489363185748,2.134732276516821,0.09469791739289293,0.26723577872526394,0.16288166703853282,0.34387178797544643,1.805589018277,0.3816961771898694,3.858512301376049,29.0
7,0.9767761576488716,2.908835705939323,0.04578574743918017,0.26723577872526394,0.0599495539490815,0.040680300262976206,2.10878050598947,0.3808946311159603,3.859313847449958,29.0
8,0.16936225802705884,2.7520764636852544,0.08146591194167954,0.26723577872526394,0.1313570364123042,0.2629294983682284,1.886531307884218,0.7027537092121233,3.537454769353795,29.0
10,0.4457768379343401,4.8213437865819415,0.30424425369692654,0.26723577872526394,1.233924013512233,1.0479295646076672,1.1015312416447793,1.3622101195238578,2.877998359042061,29.0
3,0.7680874112613725,2.8654213228884804,0.06527608818791417,0.2192480388682209,0.10265979326924073,0.8804277765115173,2.047933558142928,0.15036513908985624,4.355371805011841,30.0
6,0.4738202049379674,4.125505470837579,0.23472800201402777,0.2192480388682209,0.6951213141681004,1.159449030511495,1.7689123041429502,0.9729377103467902,3.532799233754907,30.0
7,0.21762967677547107,2.6685177436863645,0.18887977691221178,0.2192480388682209,0.45084030409710596,0.13653816829415585,2.7918231663602895,1.0367637843501443,3.4689731597515525,30.0
10,0.5101776559148088,4.187214513735524,0.29186809401762553,0.2192480388682209,0.8929586659158741,0.7519463593372768,2.1764149753171687,2.3456703103149064,2.1600666337867906,30.0
2,0.241037129700298,4.079898778193951,0.08734825156664067,0.09928891119565508,0.28613580554305035,1.3037607921119643,2.3328368690091343,0.557156156831887,6.421434072253076,31.0
3,0.6763075605513478,2.258858288746915,0.031432774105752466,0.09928891119565508,0.04267942202239585,0.5822434187839923,3.0543542423371064,0.28255708087809306,6.69603314820687,31.0
4,0.758291613666664,3.460109919441647,0.06357475278548005,0.09928891119565508,0.13409982973646734,1.2230917093253544,2.4135059517957442,0.14354020560156389,6.835050023483399,31.0
6,0.039938973186351756,3.344829994519681,0.3611390661089376,0.09928891119565508,1.1589700775943972,0.0633896745516938,3.573207986569405,2.8401287663203467,4.138461462764616,31.0
7,0.6983801833583045,2.1396158157448903,0.03000767134930035,0.09928891119565508,0.04082275736949564,0.3879213898530395,3.2486762712680592,0.32885468093590126,6.649735548149062,31.0
10,0.11615418485861784,3.3747851432120473,0.3272085728882339,0.09928891119565508,1.0255995885885365,0.07619067649505452,3.560406984626044,2.8263533385171713,4.152236890567792,31.0
5,0.43605741103112217,2.589234804996444,0.05885116837877586,0.2809800708712717,0.08558435215077559,1.764515605719691,3.67459470531404,1.413689785673636,7.5550334948899405,32.0
6,0.46584292919391745,2.240968898919634,0.03182817914843216,0.2809800708712717,0.04327904265266932,0.6192114258421091,4.819898885191622,0.11978817191852018,8.848935108645057,32.0
8,0.8841996890580375,10.699654568347327,0.5934451839023219,0.2809800708712717,5.421259854573117,2.1481458202857677,3.290964490747963,6.635782481718921,2.332940798844656,32.0
10,0.2313561158281381,2.6531332988522145,0.034895397699198395,0.2809800708712717,0.05200806624534184,0.9072374591861629,4.5318728518475675,0.7994628412525,8.169260439311076,32.0
1,0.8788417130257062,3.0145733823148686,0.08909218535089745,0.40833248616397333,0.14674114399283975,0.5112747527770359,1.5776925586711017,0.1388965942757205,0.9216335303798946,33.0
4,0.8265470100132193,2.9039594311041728,0.13370794897511942,0.40833248616397333,0.2692079696495737,0.4024429041904125,1.6865244072577252,0.35760510560514913,0.702925019050466,33.0
6,0.36167810118065247,4.741249460491674,0.23354711351607818,0.40833248616397333,0.8977770553035803,1.1709020620738486,0.9180652493742891,0.3878382837622626,0.6726918408933525,33.0
7,0.510996344692418,2.807054147688104,0.13532026599393154,0.40833248616397333,0.2839212366052197,0.004347592406840464,2.084619719041297,0.1761901410124828,0.8843399836431324,33.0
1,0.4401219709865598,2.864063662532029,0.08543870270946734,0.46382983001146294,0.13984563643351333,0.21979630419144502,5.218031351941016,0.25424421077985804,4.1208095697102,34.0
5,0.4942822803195288,58.69596344568291,7.915989958258873e-13,0.46382983001146294,4.5568085645932994e-11,3.6970298880723647,1.7407977680600961,0.4565079358571877,3.918545844632871,34.0
6,0.40482485208723307,7.380637808933984,0.3119854085533416,0.46382983001146294,2.0393851892731845,1.0453647734243732,4.392462882708088,2.919120015412696,1.4559337650773627,34.0
10,0.29362762978863444,3.186227660019495,0.13874605872493648,0.46382983001146294,0.3183458383350571,0.4756366904442771,4.962190965688183,0.7451816184403174,3.6298721620497414,34.0
1,0.46854099947097905,2.5912399630588228,0.05250922762890621,0.22610873101133372,0.08466054612647672,1.6006328339660953,7.706918459592,0.2505708766188456,4.490422884939076,35.0
3,0.5694829191072877,2.999372835323952,0.06694453467773527,0.22610873101133372,0.12458126241039988,0.6539599981928392,8.653591295365256,0.7515479471338355,3.9894458144240863,35.0
4,0.539296108775188,3.281836009018256,0.2340175500047112,0.22610873101133372,0.6184557483627642,0.5933436370732685,8.714207656484827,2.217612465591972,2.52338129596595,35.0
8,0.9899698272481363,3.2059175416872514,0.049792391994996174,0.22610873101133372,0.09498056868435771,0.22643549619214406,9.081115797365952,0.6137386160594481,4.127255145498474,35.0
9,0.020724556867733668,18.38319321129629,0.30399662618598255,0.22610873101133372,5.422768946889767,6.086037706789788,3.2215135867683076,0.48097759318076644,4.260016168377156,35.0
10,0.14826107130993527,2.2315201027516736,0.06663093849633502,0.22610873101133372,0.11114296007119667,0.14714162134396083,9.160409672214135,0.4265462629730552,4.314447498584867,35.0
3,0.37631693932389676,4.148063033969156,0.1989785398926952,0.3587892533492443,0.5636340385716615,2.9141925975827725,4.72814992690043,0.36457718539208817,0.8344586081712345,36.0
4,0.5264411456598364,3.4238216987360772,0.05578382675988549,0.3587892533492443,0.12127744300804595,0.05739493129528652,7.584947593187916,0.07920110079960947,1.1198346927637133,36.0
5,0.6190041077640915,2.8969247773975346,0.033775029597040034,0.3587892533492443,0.04536891852749506,1.374059171853811,6.268283352629392,0.08821687544756002,1.1108189181157626,36.0
8,0.49637200980294605,4.7808651458152385,0.23457945698464758,0.3587892533492443,0.8186338608044416,3.156048740110312,4.486293784372891,0.36410754841946635,0.8349282451438563,36.0
10,0.45987757590832246,2.6780806344496932,0.11809389341648746,0.3587892533492443,0.24014268247044784,0.14064708364102066,7.501695440842182,0.30293308350459863,0.896102710058724,36.0
2,0.5748258300994893,5.397206952481035,0.21927741148508126,0.488329629525856,0.8491491643707026,1.1708152368862668,1.159802885691783,0.2385414264903382,0.5924374514699976,37.0
4,0.2656890928574409,3.3238287639335726,0.12223267710274427,0.488329629525856,0.2690253672863856,0.31036224695368575,2.020255875624364,0.4098202538093551,0.42115862415098065,37.0
7,0.18274246146201278,3.444899774239793,0.17016028188631854,0.488329629525856,0.4342259323316601,0.8494406387380972,1.4811774838399527,0.18261719766064244,0.6483616802996933,37.0
5,0.5169271945666145,4.109768288627693,0.3656781001496994,0.31263277810638845,1.151466655236508,0.03604609726006197,1.6141634268277063,2.322372513514883,0.5642430097339979,38.0
8,0.24324974576425662,3.0411450097892367,0.21768575505562854,0.31263277810638845,0.5811228789851903,0.8216233793105102,0.8285861447772581,0.3364297556834085,2.5501857675654724,38.0
9,0.9592394076715443,3.323570311356597,0.10400336668828387,0.31263277810638845,0.21047337791240223,0.7925400475171962,0.8576694765705721,0.22781325405058941,2.6588022691982918,38.0
1,0.8239020494352407,3.472226250004198,0.1009551160156365,0.5229062160525726,0.20974130396461163,0.6413725192731166,2.355356573276847,0.6621210589094173,1.0813518090292336,39.0
5,0.44035966726599063,3.5580723974952417,0.20704520260690853,0.5229062160525726,0.6004671006785202,1.3121639405406096,1.6845651520093539,0.482616650480291,1.2608562174583597,39.0
7,0.6371005984075235,3.514269123581092,0.16909346532488237,0.5229062160525726,0.3974730507840388,1.0431926327362373,1.9535364598137261,0.5987351585489423,1.1447377093897084,39.0
1,0.8634391853167545,3.1012274333767387,0.1351652742603105,0.23740566646628586,0.24943583116235105,0.1427854598087998,3.6494670347709164,1.0398191770604346,5.561981338244732,40.0
4,0.5884052517869254,11.61433481716138,0.23060675162239275,0.23740566646628586,2.423249462272172,2.607419558871168,1.184832935708548,1.932999788329879,4.668800726975287,40.0
6,0.3731034315985642,1.9620291490239476,0.09244535831300395,0.23740566646628586,0.14574060485922102,0.4057735337444536,3.386478960835263,0.5639314103095073,6.037869104995659,40.0
8,0.9476550670602126,3.334933969670457,0.11211256902299326,0.23740566646628586,0.1984661993747867,0.3930979381200185,3.3991545564596977,1.5609823921068804,5.040818123198286,40.0
9,0.6368695201573893,2.844022382855561,0.19226438031501367,0.23740566646628586,0.3656975500981894,0.24317600403527614,3.54907649054444,1.5040677474984645,5.097732767806702,40.0
1,0.13183297686453144,5.579457656481069,0.563124120601507,0.10590404985740338,3.017457692503285,0.17529981829924676,3.287439828842546,4.582285117931356,3.022517277610353,41.0
5,0.6977635901574384,3.699126153808894,0.01717087480837229,0.10590404985740338,0.03664202823639145,0.7773576990543906,2.6853819480874024,0.38517036837072693,7.219632027170982,41.0
6,0.23521092140222666,2.479196467979,0.0982908793597141,0.10590404985740338,0.1728540882154383,0.063459235836548,3.399280411305245,1.447311352545618,6.1574910429960905,41.0
9,0.006062078596605236,1.9308826112394726,0.09562653178965372,0.10590404985740338,0.17438698012429774,0.6054497387557499,2.857289908386043,0.8885831255445029,6.716219269997206,41.0
10,0.12648161866268914,6.976543965330401,0.1198835435833498,0.10590404985740338,0.717068809185204,1.841173155195858,1.6215664919459352,0.30145243114950476,7.303349964392204,41.0
4,0.25851587735568105,3.5064939342221484,0.338881679475313,0.35488807505464187,0.9664274855197521,0.5356090226303674,1.3260936658667708,1.7265368749417576,1.283672063607173,42.0
9,0.03242240004902075,5.982406967397154,0.30623024547004524,0.35488807505464187,1.5832889258822098,1.3260936658667708,0.5356090226303674,1.283672063607173,1.7265368749417576,42.0
3,0.21943148931813972,2.732986164541544,0.1448727174630396,0.503539191036116,0.3275273938281678,0.5191735311136187,1.6565956383435676,0.34337337080720404,2.287432878399864,43.0
9,0.7090990385999485,9.04405761769064,0.35158809150084436,0.503539191036116,2.661345949352002,1.6565956383435676,0.5191735311136187,2.287432878399864,0.3433733708072042,43.0
1,0.8351868421906514,2.935848011213743,0.08185436827123672,0.4227036356654302,0.15616982658057005,0.14400978407227727,2.5395172158647163,0.3082336797973471,1.4465992989746634,44.0
3,0.257122678424325,3.0303187264606524,0.1122647314843823,0.4227036356654302,0.2107033744520314,0.5745039021427402,2.1090230977942537,0.3573093901534252,1.3975235886185853,44.0
4,0.8056162107453404,3.3335398234641564,0.051259192030244954,0.4227036356654302,0.0807194393726522,0.4612436338247526,2.222283366112241,0.10818718969659273,1.6466457890754178,44.0
8,0.22751084596620652,2.8603947583621334,0.12732877047042795,0.4227036356654302,0.2552825747263223,0.15105248082155698,2.5324745191154365,0.3684106731451199,1.3864223056268905,44.0
10,0.9214225772831681,5.162239888412566,0.2045893020782778,0.4227036356654302,0.8084330309843795,1.3527171990756668,1.330809800861327,0.6126920459795256,1.142140932792485,44.0
3,0.041369801933356154,2.9059156557701193,0.1545070965412469,0.47847703017005927,0.35740648985986134,0.2803803619654126,1.525596123285285,0.38468501167655755,0.5594768499338161,45.0
5,0.08124509372192601,3.56447076342716,0.22226903475326754,0.47847703017005927,0.6996935140141821,0.8002667575936119,1.0057097276570857,0.4104310840804985,0.5337307775298752,45.0
10,0.6250934879988737,3.6395153388735393,0.14474683853542616,0.47847703017005927,0.3444262490359477,0.7253293656916732,1.0806471195590244,0.1490457658533176,0.795116095757056,45.0
1,0.5368349974652606,2.8611638384856897,0.08154978511488523,0.274224147646158,0.14713862680516965,0.12772220167455678,3.225381508478751,0.3648952040659469,4.344614726872071,46.0
2,0.4586779396696212,2.4377186881425685,0.03502197288080871,0.274224147646158,0.04528781265303119,0.4080978687876907,2.9450058413656173,0.2178031254728788,4.491706805465139,46.0
3,0.8234811873826413,5.072480482836349,0.07102122506056671,0.274224147646158,0.23416457281289765,1.5622392791627093,1.7908644309905988,0.030409669221162807,4.679100261716855,46.0
4,0.21596910890501175,2.219112355235154,0.08654518624705197,0.274224147646158,0.16224540101256546,0.3507566468698111,3.002347063283497,0.5918873853523118,4.117622545585706,46.0
6,0.8034380680546571,3.547519712405957,0.03684563343425975,0.274224147646158,0.07155430947295593,0.06505582047011754,3.2880478896831904,0.10456635464596746,4.60494357629205,46.0
8,0.9113878084874647,5.423515627495735,0.4147920496162697,0.274224147646158,1.596527264069891,0.8392318931884227,2.5138718169648855,3.39994819217975,1.3095617387582679,46.0
1,0.4199999513778465,1.8379041091652102,0.013052151684056396,0.07523325888061165,0.017290397795353348,0.0985360406000733,6.991509137065481,0.379464772367225,11.855616569868234,47.0
3,0.5651730734375331,2.639654050289773,0.004173248241297508,0.07523325888061165,0.004600970068982852,0.3720090290612685,6.718036148604287,0.532284224039541,11.702797118195917,47.0
4,0.7822838614162659,2.778405542656391,0.026017143602705257,0.07523325888061165,0.041489433071117694,0.07729531905812793,7.012749858607427,1.434559164787001,10.800522177448457,47.0
6,0.46300416906489983,6.950187054369534,0.2828504837468753,0.07523325888061165,1.720321715305398,3.5356159883622977,3.5544291893032574,1.557282637336616,10.677798704898843,47.0
8,0.9024665012430202,6.063200197256771,0.4028294188755822,0.07523325888061165,2.00023957257593,0.5957687592306747,6.494276418434881,5.931999178772248,6.303082163463211,47.0
10,0.8412819517974779,3.698733460025751,0.19584429496887154,0.07523325888061165,0.543089385637438,2.410820041353113,4.679225136312442,2.3994913649328264,9.835589977302632,47.0
2,0.6990278441076532,3.072307385537635,0.1485967703932033,0.39322280106265245,0.29142829730625086,0.027991331603410764,2.6155778535714944,0.785551653654325,0.6343968642745015,48.0
4,0.6673399052354283,3.1427980877247537,0.11982279026685567,0.39322280106265245,0.2241223121693779,0.35728026162589693,2.2862889235490083,0.23309752409424686,1.1868509938345797,48.0
8,0.39456013740405593,2.510273768718589,0.15527337003678313,0.39322280106265245,0.3224993876463733,0.020366339311724907,2.62320284586318,0.31414774132558543,1.1058007766032412,48.0
10,0.9863400266403468,9.574424926239708,0.18308426824050525,0.39322280106265245,1.5451311571002506,2.2379312526338726,0.4056379325410324,0.08715159885466915,1.3327969190741573,48.0
1,0.5110933863350979,6.836316589594172,0.11297482047592801,0.23608344933642428,0.6429390107679933,2.5095006170851644,2.7940361625264174,0.1938211307739407,5.5105990849630535,49.0
5,0.05589381377928615,3.382035779332096,0.22305663384164373,0.23608344933642428,0.6868757110193814,0.08091355828524148,5.22262322132634,1.6332036186679764,4.071216597069018,49.0
6,0.6542117571657258,5.0963609817645885,0.23958178288027376,0.23608344933642428,1.0399127375199755,1.391237036574887,3.912299743036695,2.465834334894676,3.2385858808423182,49.0
7,0.4758822772789273,2.909538489636004,0.01526683493026755,0.23608344933642428,0.024806754726071585,0.7587035239623963,4.544833255649186,0.21969458845081496,5.4847256272861795,49.0
8,0.40906971957489446,2.64530962322306,0.14673812765668617,0.23608344933642428,0.32199681902892924,0.19255829463317775,5.110978484978404,1.1891146067307277,4.515305609006266,49.0
10,0.3766766083000852,2.724342582603563,0.02629835087877657,0.23608344933642428,0.03892920129116012,0.3706237490707155,4.932913030540866,0.0027519362188592384,5.7016682795181355,49.0
2,0.0880433353186687,2.405811313677404,0.09228004502496359,0.377575632952739,0.19209630000628766,0.09929364266574141,5.340989847559462,0.1612964720131025,1.8565722379109664,50.0
3,0.0939569065032182,2.5628309329848307,0.12522785555216165,0.377575632952739,0.2872919689855861,0.5710627222185126,4.869220768006691,0.6431117573913512,1.3747569525327177,50.0
7,0.9714688944184666,9.052649987554464,0.27284994833817455,0.377575632952739,1.9666651207216765,2.7586694332962103,2.6816140569289932,1.0426100107880143,0.9752586991360546,50.0
8,0.677420882576306,3.7682940453157796,0.13206651813196138,0.377575632952739,0.3954876749127676,2.01125769204474,3.4290257981804637,0.17085046973160092,1.847018240192468,50.0
1,0.6442268280678143,3.3184668521913565,0.05148509766305506,0.3194994298873766,0.10307426365610164,0.7675747736145174,1.1613211326204946,0.005273928670953452,4.4228072198614035,51.0
2,0.4771349993729088,3.1682886175686344,0.0663480707995616,0.3194994298873766,0.11418546713984826,0.23020095480739158,1.6986949514276206,0.36285053146231916,4.065230617070037,51.0
3,0.7367911134296177,3.0654647311956706,0.10566959670240235,0.3194994298873766,0.2394365285613868,0.04120820246389623,1.887687703771116,0.9003440471176228,3.527737101414734,51.0
4,0.15711621314048174,3.0732551098563397,0.16363852508951587,0.3194994298873766,0.33833187650411467,0.5276998871268905,1.4011960191081216,1.070657462865681,3.3574236856666757,51.0
9,0.26248214015970106,4.059367778557929,0.29335927985808863,0.3194994298873766,0.9089019373326702,0.36221208822231626,1.5666838180126959,2.0889551784157807,2.339125970116576,51.0
1,0.22234702186415456,3.3353495792747827,0.15116789020579918,0.42682048057888766,0.39403911228764016,1.1039148829981804,4.996464888118032,0.9430095130350591,1.1667767718070665,52.0
2,0.5565751951387654,2.6525801549798476,0.07929883489595868,0.42682048057888766,0.13999706615268315,0.5480814601546865,5.552298310961526,0.3574843579765299,1.7523019268655957,52.0
8,0.059792647896594886,6.245360666505602,0.16939997434092377,0.42682048057888766,0.9403036347861248,2.542023162085492,3.558356609030721,0.009170974900329169,2.1006153099417966,52.0
10,0.12398830547506035,4.575203031161535,0.1733128199784305,0.42682048057888766,0.6338916860604336,1.9063602658778538,4.194019505238359,0.8001214389302076,1.309664845911918,52.0
4,0.4240323071213694,5.083500286603763,0.18027415161579863,0.33484236709582194,0.704031016277496,1.0164825370080541,0.2111731497684446,0.7719465844886368,2.675458599556525,53.0
6,0.30579826676815336,4.691999102153386,0.48488348128837944,0.33484236709582194,1.8808878296146578,0.2111731497684446,1.0164825370080541,2.675458599556525,0.7719465844886368,53.0
1,0.26432247625379657,2.422406820228182,0.08729420313573533,0.1595194328899847,0.14510870454607713,0.16176552685535672,2.741004469117694,1.0538388162686103,5.776419486714813,54.0
5,0.41432527383040685,2.9120958615147714,0.09388554921602679,0.1595194328899847,0.16213684478394255,0.5734739907941191,2.3292960051789313,0.9527019838923018,5.877556319091122,54.0
7,0.1414723259401358,4.5800881780410725,0.25193394626544685,0.1595194328899847,1.0070701557257145,1.0712586032961586,1.8315113926768918,1.8037093144785452,5.026548988504879,54.0
8,0.14290013440653815,2.716152836286578,0.06636371913330225,0.1595194328899847,0.12652008542001877,0.06507890959475625,2.8376910863782943,0.8041687314674013,6.026089571516023,54.0
9,0.26219714716617903,2.810934184643964,0.26829268523456157,0.1595194328899847,0.674498345349083,0.06254047630278696,2.8402295196702636,1.9943989417421912,4.835859361241233,54.0
10,0.15617937312562713,2.7336210158151815,0.07271046412494264,0.1595194328899847,0.13740044856868747,0.9686524891298729,1.9341175068431775,0.22144051513437413,6.60881778784905,54.0
1,0.7767296739213343,5.147002427332816,0.462139817849056,0.17714184351086593,1.614569367767628,0.416892656552892,2.9803594510289084,3.889819282513372,3.487993861145055,55.0
2,0.9241745997796578,5.815342642973619,0.12761875899681396,0.17714184351086593,0.49791545889740657,1.7181713689470233,1.679080738634777,0.3316390050194133,7.046174138639014,55.0
4,0.9431048585739676,2.635585008365298,0.09950014431464412,0.17714184351086593,0.16375655059563443,0.29184155686454805,3.1054105507172522,1.5299966612011822,5.847816482457245,55.0
5,0.7323288063292239,3.570981786958877,0.0999063383682792,0.17714184351086593,0.19432464180294265,0.8241838018964482,2.573068305685352,1.3503503138090138,6.027462829849413,55.0
9,0.5444973332875815,2.518942389009621,0.03369309696034101,0.17714184351086593,0.05850378069498787,0.14616272332088884,3.2510893842609114,0.27600788111544583,7.101805262542982,55.0
2,0.22907677193768228,2.460931144464343,0.1059707428355887,0.4995571799449239,0.2081863299636092,1.0813540516911393,5.856924423243789,0.8056758231874829,1.14112369864959,56.0
4,0.9795466353144089,3.6245395490596843,0.020043694983296653,0.4995571799449239,0.03340141061121373,0.9927031680921179,5.9455753068428105,0.09704298580547459,1.8497565360315984,56.0
5,0.15885264979648617,3.484754308364178,0.17783806049101808,0.4995571799449239,0.5003565572894455,1.8410546583515495,5.097223816583378,0.6012881770369588,1.3455113448001144,56.0
8,0.26836452028389846,3.940608264662267,0.15242511976695255,0.4995571799449239,0.5297640305564685,2.0758583540050908,4.862420120929837,0.22420471163418781,1.7225948102028852,56.0
10,0.6667867095174829,3.0103566811432407,0.04416520197822032,0.4995571799449239,0.07636100881685975,0.9473082427950306,5.990970232139897,0.21858782417296882,1.7282116976641042,56.0
4,0.41837823016121733,2.7419901334155283,0.03826903769150408,0.2699907281051804,0.05771940554223616,0.8957233796654229,3.8265460159648104,0.6079340942717436,5.625770168744615,57.0
5,0.11925388177327556,2.3069452639974566,0.1114500540964353,0.2699907281051804,0.23701634791115933,0.47313494444432036,4.249134451185913,1.0045692330500686,5.22913502996629,57.0
6,0.7794047881696888,2.978855926048595,0.02708551686159503,0.2699907281051804,0.03431106535556871,0.2733608446919602,4.448908550938273,0.23885174528797692,5.994852517728382,57.0
7,0.7674389224517102,4.383575492166569,0.34758349352577184,0.2699907281051804,1.2494785435685594,1.5176250679538739,3.2046443276763594,2.6583176236519797,3.5753866393643787,57.0
8,0.5836950324835948,3.678906024024561,0.2056211697195133,0.2699907281051804,0.4757571249790505,1.5624251588746558,3.1598442367555775,1.7240315667545898,4.509672696261768,57.0
6,0.08017557907407968,2.939214383285245,0.1189477221978129,0.5051820355323702,0.2276815764675947,0.19775219905251448,0.6868311705946645,0.011812007317015911,1.914370939829065,58.0
10,0.6566382638845145,5.42855214318909,0.3758702422698172,0.5051820355323702,1.7023335377636812,0.6868311705946645,0.1977521990525145,1.914370939829065,0.011812007317015816,58.0
4,0.4492226445072409,2.7772386680731675,0.14416673257869586,0.42349668758358944,0.27504379401286394,0.473986224762167,2.002402026786371,0.5400010721377888,1.754563147266829,59.0
6,0.8886346799292371,3.391170383989281,0.11151888461236605,0.42349668758358944,0.22550089433011927,0.7237425126928769,1.752645738855661,0.404601179029463,1.8899630403751548,59.0
7,0.1034344317873459,4.231883221785101,0.19552475395085106,0.42349668758358944,0.6498758087953331,1.1478993831302087,1.3284888684183294,0.7596732840544927,1.5348909353501252,59.0
10,0.232346556297647,3.193283487460332,0.12529294127449753,0.42349668758358944,0.2635310814176871,0.13076013096328556,2.3456281205852525,0.5902886841828732,1.7042755352217447,59.0
4,0.5320121831253237,3.5095600684746535,0.10193747282991585,0.4422499241717572,0.20621852735662943,0.4842310454175092,1.0635041488839097,0.42048458939196415,2.9819334541167777,60.0
5,0.7440750022434062,7.664376692066839,0.45581260299832677,0.4422499241717572,3.1123992568900976,1.0635041488839097,0.48423104541750916,2.9819334541167777,0.4204845893919642,60.0
6,0.04990115723444366,2.6851189014641585,0.10907201590069052,0.4628761940631136,0.20239207316541405,0.41434204784246403,0.29309115559686755,0.039127367552160446,2.5318991242161735,61.0
9,0.9037337564288004,5.513614944065793,0.42805179003619614,0.4628761940631136,1.5687450108716425,0.2930911555968675,0.4143420478424641,2.5318991242161735,0.0391273675521604,61.0
4,0.10514889192825616,1.848618990858265,0.08921586261074985,0.17712921194160242,0.1455441311985648,0.1543000683956137,1.9080374966670601,0.4462842387888212,5.694015406132205,62.0
5,0.620469825672642,3.0326732462345243,0.1668934684446604,0.17712921194160242,0.3041250681823237,0.15979904474066722,1.9025385203220067,1.7612491166108388,4.379050528310187,62.0
6,0.19635646640815851,3.1647631330533255,0.24118092643009345,0.17712921194160242,0.5616289736985669,0.24406243803226507,1.8182751270304087,1.9304501007082149,4.209849544212811,62.0
8,0.3671345062071849,6.365942773885179,0.2929567103085659,0.17712921194160242,1.5015685334684634,1.388861328719322,0.6734762363433517,1.927678709485329,4.212620935435696,62.0
10,0.9955603238153943,2.7903096313020246,0.03262382026432784,0.17712921194160242,0.04328934081262087,0.11531468517480577,1.9470228798878682,0.07463747932782146,6.065662165593205,62.0
4,0.2151976670969995,4.208079219998633,0.30886643548883524,0.31012091161513605,1.031731303671017,0.08661904005927251,3.9324562516417285,1.8964749148184903,0.9008139591205633,63.0
6,0.9473949941889401,3.4546518737479053,0.0690509628341537,0.31012091161513605,0.11773854420207149,0.23233661754145626,3.786738674159545,0.3920541220404676,2.405234751898586,63.0
8,0.052994781790089096,11.719449093816026,0.31196169006187496,0.31012091161513605,3.4785406753447026,3.7001196341002727,0.3189556576007284,0.5087598370800958,2.2885290368589577,63.0
3,0.9376964934548067,3.0456967755887248,0.08693519436789922,0.4389167938400096,0.16392453607155041,0.2718936090550618,1.7725080744872517,0.2102993920776444,1.5763581508683626,64.0
5,0.01949911257601511,2.9045282483626758,0.1693425012558667,0.4389167938400096,0.39754054234742253,0.7787984541370744,1.2656032294052393,0.14535878020776893,1.641298762738238,64.0
6,0.9016105632638431,3.438688442195419,0.11421879326446778,0.4389167938400096,0.19903917273001207,0.3709618611342808,1.6734398224080327,0.5639641629397296,1.2226933800062774,64.0
9,0.4197871780616824,3.5941072709562696,0.19058671727175677,0.4389167938400096,0.43277944795681,0.6227477592158966,1.4216539243264168,0.8670352077208641,0.9196223352251429,64.0
7,0.8445800544713193,4.593375706949013,0.29063102822096126,0.268653611974493,0.8376604024184967,0.34583948906911866,0.7812636467982236,2.689473684862478,3.638138370807948,65.0
9,0.48010346232001533,5.676157057159509,0.4407153598045458,0.268653611974493,2.0719778023181004,0.7812636467982237,0.34583948906911854,3.638138370807948,2.689473684862478,65.0
2,0.14347280824547592,2.941726728070381,0.2398763773618163,0.3560892898357022,0.5969303095155398,0.41594171810452724,1.4835211627873763,1.2326703893751247,1.8715213160656763,66.0
4,0.2892410446530631,2.5144617329205223,0.07610444923472753,0.3560892898357022,0.1425034920888713,0.2521133653971129,1.6473495154947908,0.03583016889492469,3.0683615365458765,66.0
6,0.5601362015960896,4.748721085102427,0.20095536526594887,0.3560892898357022,0.6912019843029468,0.8698931550731865,1.029569725818717,1.1569316914011745,1.9472600140396266,66.0
10,0.5965064538595171,3.1241284781885548,0.12697451830180514,0.3560892898357022,0.2436952128513411,0.361514642317077,1.5379482385748267,0.678759455769577,2.425432249671224,66.0
6,0.43182923736824774,13.939091447181008,0.40482714759309885,0.3540365302450975,5.370723898284752,3.562928319418254,0.15692105381888632,1.6046140415651844,1.2401191053148661,67.0
8,0.6944921211072519,3.876139621633364,0.2411363221618039,0.3540365302450975,0.7339710958479189,0.15692105381888613,3.562928319418254,1.2401191053148661,1.6046140415651844,67.0
1,0.02551609695465018,2.9761318545338913,0.10528671237832068,0.27740898605000947,0.20711918255998346,0.054865641219147845,2.4913249425567385,0.524565460587808,4.597192001854286,68.0
2,0.41983817500329934,3.38979521373391,0.20955692943654586,0.27740898605000947,0.5322011118074897,1.1843975700419993,1.3617930137338872,1.797190141689241,3.3245673207528528,68.0
3,0.6660102380370512,4.649252064286115,0.4077473721351239,0.27740898605000947,1.5876186503213596,1.3069273725147392,1.2392632112611472,2.8000018601650454,2.3217556022770487,68.0
2,0.9166633558939417,2.668991776068978,0.015391601157298422,0.14191701622554903,0.018682686728129495,0.525054941373537,3.979235926349501,0.7720435181869021,7.569316736035751,69.0
4,0.3297760015798705,5.226045405317988,0.5818894234320022,0.14191701622554903,2.7395520618846896,0.49319867567803527,4.011092192045004,4.7845155210914125,3.556844733131241,69.0
5,0.0005169189768583493,2.0116433936322085,0.06847143586035404,0.14191701622554903,0.10664809764341096,0.31200359883312173,4.192287268889917,1.204391452550622,7.136968801672031,69.0
6,0.27048225183226204,3.374051175913227,0.1024850078766628,0.14191701622554903,0.26341158582390733,1.49751633000243,3.0067745377206085,0.25863445792087497,8.082725796301778,69.0
9,0.4186082801270081,3.0398318200608396,0.07587737139596068,0.14191701622554903,0.1467896587292643,1.1181449325021873,3.386145935220851,1.1753461753852172,7.166014078837437,69.0
10,0.22276814068949502,2.177599306616642,0.01396814405217268,0.14191701622554903,0.01655331301322956,0.5583723893337275,3.945918478389311,0.14642912908762426,8.19493112513503,69.0
6,0.1628319228344537,4.010154594456115,0.33166480609808224,0.47084245787950996,0.9618413624672629,0.30030307302237336,0.4915480453210105,1.69285303034746,0.697362895420429,70.0
10,0.3198052201418051,3.275314450333791,0.19749273602240758,0.47084245787950996,0.5254910358320409,0.49154804532101054,0.3003030730223733,0.697362895420429,1.69285303034746,70.0
3,0.6186982736387623,2.982660372359218,0.06540736836564981,0.35471433276236103,0.10642673138609024,0.5389584475973442,1.6670163157152253,0.21833039896190595,2.6885293222887796,71.0
4,0.6240966043321594,3.55473864704633,0.15197788283159608,0.35471433276236103,0.39779667043615724,0.9481487385514675,1.257826024761102,0.4066065283983255,2.50025319285236,71.0
5,0.2689748426010554,3.1189267095622033,0.18294227659450993,0.35471433276236103,0.4101249624366716,0.13589233266494025,2.0700824306476293,0.9122532875180012,1.9946064337326845,71.0
6,0.2881394466910725,2.9854638772396953,0.2449581394458832,0.35471433276236103,0.6238743875430003,0.5829752444988174,1.622999518813752,1.3696695063724529,1.5371902148782328,71.0
3,0.6832196741560321,3.2944295934288186,0.11592674918191329,0.45988509924722754,0.2018810445216891,0.0018492449989451403,1.1818142868942614,0.6182766221953113,1.4243676434140389,72.0
4,0.9603116615048819,4.154570611424339,0.14629707842961046,0.45988509924722754,0.3400591416768581,0.7026617846955463,0.4810017471976602,0.337208078157265,1.7054361874520851,72.0
8,0.3979395848570124,3.5467776868076957,0.20282808388543627,0.45988509924722754,0.4684261193049229,0.37133677350191935,0.8123267583912872,0.8523919901954113,1.1902522754139389,72.0
10,0.9816354420930506,3.3340918821832224,0.07506298925581245,0.45988509924722754,0.13741516768774598,0.10781572869679579,1.0758478031964107,0.23476757506136237,1.807876690547988,72.0
1,0.877528381473373,4.06293007609862,0.1258338475642417,0.3746806624409217,0.32199159086352935,2.258154959619757,5.366056781814852,0.4297577801194199,2.1636822326796237,73.0
3,0.355388939818017,2.9785875512266067,0.15115268836130996,0.3746806624409217,0.31437652428090984,1.8849711770955724,5.739240564339037,0.7692913021509015,1.8241487106481422,73.0
5,0.15049312349730637,3.028567901075686,0.2581783852816108,0.3746806624409217,0.7258060165066136,1.9822951045407902,5.64191663689382,1.107727447111677,1.4857125656873669,73.0
7,0.2575417571812928,1.8643082148425247,0.05109173884396806,0.3746806624409217,0.08098880399540076,0.9402426494147944,6.683969092019815,0.029116302395819443,2.564323710403224,73.0
8,0.8348995046449637,3.069812536989632,0.03906267750794764,0.3746806624409217,0.05734650951310432,0.5585478507636955,7.065663890670914,0.257547181021226,2.3358928317778176,73.0
6,0.8015417218048886,3.7165683243834025,0.18524103432612382,0.43458578731606223,0.49975537592002744,0.6996861015585241,0.20528343707347363,0.2031496614763863,1.9648078511797897,74.0
9,0.3164633046648584,4.485229649920279,0.380173178357814,0.43458578731606223,1.270144338430411,0.2052834370734736,0.6996861015585241,1.96480785117979,0.20314966147638613,74.0
1,0.6861758130238236,3.4812635067720974,0.08283546524685594,0.3193481719431011,0.15947267338966634,0.08631222937050603,5.715817441295261,0.7158055731776147,2.6135467763858573,75.0
2,0.5491015793501439,2.7747370106084586,0.12698043811441623,0.3193481719431011,0.27869432064971505,1.712643009568995,4.089486661096772,0.06430948649725622,3.2650428630662156,75.0
3,0.750544606977424,8.732809082229833,0.3322856806989163,0.3193481719431011,2.62860065258547,2.8734075676766775,2.9287221029890897,1.135661557051839,2.1936907925116333,75.0
4,0.34007666674883175,3.1699321750633698,0.06815570371382478,0.3193481719431011,0.12928062987982605,0.24215378530439657,5.5599758853613706,0.4804314160221083,2.848920933541364,75.0
5,0.849676283502518,3.6896902196591745,0.07039454028288561,0.3193481719431011,0.13680396649560309,0.8876130787451914,4.9145165919205756,0.9331443168146539,2.396208032748818,75.0
6,0.6528039757088531,4.2291926356422085,0.2654744204116366,0.35505979786769226,0.7235996435070076,0.23831901751105874,1.4412731438368642,1.9232245966586663,1.4204346703636785,76.0
7,0.07431540557000638,3.0548661976509215,0.19710879660778327,0.35505979786769226,0.46777257965817853,0.018994258128463344,1.6605979032194595,1.1673944290423264,2.1762648379800185,76.0
9,0.7910658435304518,6.56912971546322,0.18235698511288784,0.35505979786769226,0.9556829259087697,1.422278885708401,0.257313275639522,0.25304024132135206,3.0906190257009927,76.0
1,0.07773026414424078,2.13285441664369,0.022621174763475485,0.09467022273012288,0.02999792375251827,0.3222732743722733,4.748347896722098,0.1129679947680537,8.447704476087626,77.0
2,0.13023053705598087,1.8870889040172547,0.047006610075745386,0.09467022273012288,0.08117586829533777,0.3801154988232245,4.690505672271147,0.39882275553214575,8.161849715323534,77.0
5,0.3142784252810751,4.6550590613718565,0.17523920016452266,0.09467022273012288,0.6442386690544999,1.5949812306607665,3.475639940433605,2.023619331345318,6.537053139510363,77.0
7,0.6877666383846304,4.984500088219285,0.3453733464826698,0.09467022273012288,1.175665059322336,0.2212980802178824,4.8493230908764895,3.6543450192818465,4.9063274515738335,77.0
9,0.38739871415937754,3.2707274539490374,0.18152160927226013,0.09467022273012288,0.47270813716520793,0.35454532203925126,4.7160758490551205,2.222186328846358,6.338486142009322,77.0
10,0.2096663097088367,6.175236161955664,0.1335678365112039,0.09467022273012288,0.7033192387984978,2.197407764980974,2.873213406113398,0.14873104108195645,8.411941429773723,77.0
2,0.8020016773993204,3.280161909632824,0.07935160463713244,0.3054841198222714,0.14019125292185186,1.248531454899937,2.933079251998034,0.015721513252037425,3.3164238802099812,78.0
3,0.9912598408589768,2.6417241411407115,0.07940938551756878,0.3054841198222714,0.12445786986595321,0.14453097966782244,4.037079727230149,0.5360498803820785,2.79609551307994,78.0
6,0.2248826823839527,4.085330205946767,0.35749145355170975,0.3054841198222714,1.2568804260610467,0.7690608043461037,3.4125499025518677,2.447177475760912,0.8849679177011067,78.0
7,0.2511373090193769,5.482295674685961,0.17826343647131765,0.3054841198222714,0.8794023844296108,2.019487467984108,2.162123238913863,0.3331965240669906,2.998948869395028,78.0
2,0.9235955575218431,3.7594406434386403,0.11298559290187742,0.6552938322588158,0.23081402232255874,0.04268732192474158,2.159468139454387,0.3842369612913127,0.0780879450847286,79.0
3,0.053272326441375695,9.612562848279556,0.23172057483930664,0.6552938322588158,2.2141947556305452,2.159468139454387,0.04268732192474145,0.0780879450847286,0.3842369612913127,79.0
1,0.20036772014398418,2.5067201944018396,0.10874649575562996,0.23473722129006241,0.19785745041732933,0.3668481866830333,2.962860843543533,0.903398881597432,4.605517618781682,80.0
2,0.4018636477193347,3.0958270843288878,0.08927662995385491,0.23473722129006241,0.20419207445621446,0.9042883780416839,2.4254206521848825,0.27117694819531885,5.237739552183794,80.0
4,0.4735884535276915,2.5061364599114357,0.10510999439200627,0.23473722129006241,0.16234786744110793,0.3461220837897796,2.9835869464367866,0.7442869466147971,4.764629553764316,80.0
5,0.08963510690535914,3.061424565997953,0.24145092456251405,0.23473722129006241,0.5933958604818362,0.37847875834133954,2.951230271885227,1.6778016031201535,3.83111489725896,80.0
6,0.13835065848873995,3.4347760963722545,0.1609531561913093,0.23473722129006241,0.4183431226202725,0.6501819516132631,2.679527078613303,1.338575136754474,4.170341363624639,80.0
10,0.7415160848213134,2.9969057034162585,0.05972557785462321,0.23473722129006241,0.09448231404560394,0.6837896717574669,2.6459193584690994,0.5736769840969381,4.935239516282175,80.0
5,0.3606347076233958,3.2780183510672307,0.13341718558815466,0.26698861381855554,0.2916144098675832,1.0146976641715644,0.7821815027209327,0.8592659652759298,4.417993598273639,81.0
8,0.8287994513326253,6.89905827962274,0.5995942005932897,0.26698861381855554,3.434022272616129,0.7821815027209327,1.0146976641715644,4.417993598273639,0.85926596527593,81.0
5,0.6064234948782061,3.7528662876596806,0.12421098892829134,0.26680599815057526,0.3006835398552049,1.0020864876427105,1.196756705598295,0.8954430866364148,4.701778394971702,82.0
7,0.2697614182279098,3.1476693370400852,0.24286943546522433,0.26680599815057526,0.6073366876415434,0.32579381932777873,1.8730493739132268,1.9594759757958229,3.637745505812293,82.0
10,0.8719700083733768,4.75509244701923,0.366113577455909,0.26680599815057526,1.1646697230288918,0.8709628862705164,1.327880306970489,2.742302419175879,2.8549190624322374,82.0
2,0.6996136056865943,3.092778530074382,0.21853546211767866,0.3970980701021519,0.49784102614923287,1.0112252896378167,3.2805516678590747,1.3846149280917113,1.4726911668920744,83.0
4,0.10182259472923039,3.1251298625544206,0.07670678723092408,0.3970980701021519,0.15828528448477194,1.0266459840521216,3.2651309734447693,0.47160263664263097,2.3857034583411547,83.0
9,0.8498778950040426,3.068965114940421,0.06362887475377789,0.3970980701021519,0.09068202630201885,0.046997957804536125,4.244778999692355,0.10490574786050814,2.7524003471232774,83.0
10,0.5488577671721921,6.573359026482798,0.24403080579546738,0.3970980701021519,1.4454276505019314,2.206907726002417,2.084869231494474,0.8961827823889351,1.9611233125948506,83.0
3,0.1564750622072162,5.398340466047462,0.275457160182223,0.7245428398177773,1.2411820779521203,0.8590151361332962,3.249505193680439,1.1834127056381458,3.45217256042082,84.0
8,0.9028056856128017,84.29458825127968,1.1467511211306262e-22,0.7245428398177773,9.514273037570182e-21,3.249505193680439,0.859015136133296,3.45217256042082,1.1834127056381458,84.0
1,0.0004643007719764558,2.0095624016121554,0.09283330435290152,0.16545768269117597,0.1714383655099011,0.38799318421371876,3.350291808281694,0.4417362253381887,5.1410282197081605,85.0
3,0.897378655784536,2.632505916925856,0.038342953459687815,0.16545768269117597,0.05233271645786955,0.04453178288452236,3.6937532096108905,0.4347196459064229,5.148044799139926,85.0
7,0.09173992239613282,2.4173467974584284,0.051308112263701036,0.16545768269117597,0.0683645625299911,0.3866958718442418,3.351589120651171,0.5814306402118177,5.001333804834531,85.0
8,0.6973723540941645,5.087177017433632,0.5179463982367483,0.16545768269117597,2.1508414976036083,0.07417822164278282,3.66410677085263,3.4644786316592953,2.118285813387054,85.0
10,0.841765271312809,14.688442600182007,0.1341115489957855,0.16545768269117597,1.7526930481753358,2.844885931910147,0.8933990605852657,0.6603993019306243,4.922365143115725,85.0
4,0.46620330413316524,2.5748769268443157,0.07054196212912504,0.36555468643705297,0.11616506215410036,0.9961991652630379,3.933412170013776,0.31789077929144294,3.3056221431702397,86.0
5,0.07038662340861945,8.618114388150442,0.2886485747717594,0.36555468643705297,2.29592234630033,2.5511001785969407,2.378511156679873,1.235028860307392,2.3884840621542907,86.0
7,0.6611039641910597,3.3983655871817007,0.07763392742420815,0.36555468643705297,0.1484842673449574,0.499204516373706,4.430406818903108,0.7195641112933083,2.903948811168374,86.0
8,0.05022530996263641,3.0329872943419995,0.08420495714115118,0.36555468643705297,0.1997331891227664,0.812749968696314,4.116861366580499,0.6789008754822541,2.9446120469794286,86.0
10,0.38130276587233647,2.9813085394642265,0.11341589209670323,0.36555468643705297,0.2327328049076615,0.07035750634681481,4.859253828929999,0.6721282960872849,2.9513846263743977,86.0
1,0.1250361071047139,3.7903695247734914,0.17712220216582478,0.4208509018575532,0.4742465042366122,1.603581037563927,2.4972318884860414,0.47584023449371693,0.5028317792467274,87.0
3,0.5068426599356874,2.349738631818398,0.10564270738291141,0.4208509018575532,0.19146385176675954,0.6025406323580849,3.4982722936918837,0.0844145567820826,0.8942574569583617,87.0
6,0.16063550222261735,2.9148509432807965,0.09167757590983085,0.4208509018575532,0.1962338791165602,0.35350765451297944,3.7473052715369892,0.1825756008368516,0.7960964129035928,87.0
8,0.04080896048444327,3.0537289394746825,0.20470661268388,0.4208509018575532,0.5884722873404747,1.5411836016149776,2.559629324434991,0.23584162162779318,0.7428303921126511,87.0
2,0.37632639539945556,3.8422243496446344,0.1712749745871194,0.5347544718589033,0.4257324837456785,0.6051293358287527,0.7940080266152122,0.4553684902702233,0.7941299668835247,88.0
4,0.9164853134639439,3.739864627985662,0.1975762904824328,0.5347544718589033,0.4548773119002122,0.6296536726139874,0.7694836898299775,0.5617123216598854,0.6877861354938626,88.0
9,0.8752399830385196,3.1838068033984723,0.09639426307154436,0.5347544718589033,0.1991712933011373,0.16435435400122492,1.23478300844274,0.23241764522363934,1.0170808119301087,88.0
1,0.5991872686672994,3.315667028703021,0.10623244583692142,0.3364886025005973,0.19798019237068565,0.08645213537108264,4.902185179297256,0.9931238440918596,2.1068439254485583,89.0
2,0.22477445722015332,2.537450564947329,0.1553384128908917,0.3364886025005973,0.35426427087670165,0.9657530765058581,4.022884238162481,0.60145819468671,2.498509574853708,89.0
6,0.37632454568364415,2.5030945415443098,0.08669350697481133,0.3364886025005973,0.15196610460469856,0.0640805690691332,4.924556745599206,0.11233417714001089,2.987633592400407,89.0
8,0.24141632889499398,2.26344750946238,0.07787178396654594,0.3364886025005973,0.15545934693277197,0.7735807977790075,4.215056516889332,0.32140601800398955,2.7785617515364285,89.0
9,0.8826571964283529,2.8036048964628235,0.036741624025458795,0.3364886025005973,0.05813774534232321,0.6131804815123978,4.375456833155941,0.05290274991754554,3.0470650196228726,89.0
10,0.06430216203139905,10.330772839818527,0.20063362380477343,0.3364886025005973,1.8605697898955826,2.4855902544308597,2.5030470602374795,1.0187427857003026,2.0812249838401153,89.0
2,0.23408198489873477,2.8122027448851017,0.16514833682153654,0.3371062138639313,0.34982856065220225,0.8265513899572289,2.4604266721188206,0.6057806970353637,2.925284405012979,90.0
4,0.6484210661899894,2.8322425379865708,0.07765220394480528,0.3371062138639313,0.10774868197800402,0.5338920759040917,2.753085986171958,0.5771518318642964,2.9539132701840467,90.0
5,0.9471094983419337,3.5131205845239717,0.10382251930997921,0.3371062138639313,0.18101018194089258,0.31034437231357537,2.9766336897624743,1.0454481900465924,2.485616912001751,90.0
8,0.8990476385609758,3.285579441512195,0.050678811703752796,0.3371062138639313,0.07459010320473194,0.041789423977210936,3.245188638098839,0.0023176441091314758,3.5287474579392115,90.0
9,0.032315953752205084,2.9064752201120734,0.11039267140790543,0.3371062138639313,0.21689649562404012,0.7597989447710672,2.5271791173049825,0.467214816384558,3.063850285663785,90.0
10,0.6937955575967714,3.1688957869282075,0.15519924294808948,0.3371062138639313,0.27446435481312104,0.8146018551528754,2.4723762069231743,0.833151922608401,2.697913179439942,90.0
1,0.9288963838150792,4.091041667137859,0.1489815116404445,0.16224658763133767,0.3685462489094026,2.854566075937624,3.3414821652714033,0.24792327187083538,6.35371215563518,91.0
5,0.9721788432120209,3.7559939851232738,0.07145297901277017,0.16224658763133767,0.15054332955651697,0.20101910944324294,5.995029131765785,1.5682117112379357,5.0334237162680795,91.0
7,0.4027736752616584,4.442955618506166,0.3037666424316936,0.16224658763133767,1.1915501841033502,0.03951362899864223,6.156534612210385,3.053209355687014,3.5484260718190015,91.0
9,0.5797744367204527,6.999150069886525,0.3135522792837541,0.16224658763133767,1.7127777262736168,3.1009494268295184,3.095098814379509,1.7322910887102305,4.869344338795785,91.0
2,0.20939763085191077,2.015920299056601,0.016683497668821684,0.11654540588615923,0.019798884892443976,0.24006602390349363,2.008198784804409,0.057408573973197416,7.750480574898239,92.0
4,0.733170289327516,3.2835572042621153,0.040714408444690105,0.11654540588615923,0.06593060711266106,0.1656964829480489,2.082568325759854,0.8170676704708972,6.990821478400539,92.0
5,0.8077865234958161,5.168140880051997,0.19684494759740448,0.11654540588615923,0.709490915970847,1.3606733505438828,0.8875914581640199,1.0538027001753827,6.754086448696054,92.0
6,0.22725549049173654,1.9590657060378391,0.09744560112889707,0.11654540588615923,0.1679733578029088,0.14492582565549225,2.1033389830524105,0.9921410766127867,6.81574807225865,92.0
8,0.4487769711062979,2.9727351063443814,0.08938466928841318,0.11654540588615923,0.13852558111018703,0.1728701244700207,2.075394684237882,1.5135645905651134,6.294324558306323,92.0
10,0.8506796720427086,4.441783726219023,0.4423814699856142,0.11654540588615923,1.4588316176512839,0.1640330011869645,2.084231807520938,3.3739045370740586,4.433984611797378,92.0
1,0.5552014199572253,3.425374647827736,0.17517396265088503,0.34070644090266705,0.44756221729875634,1.03396354693936,2.937614213304872,0.8505019145100645,2.0595685428931123,93.0
4,0.6000966735165136,2.7052102215946197,0.04975411545937967,0.34070644090266705,0.0653624243867588,0.5396042325829958,3.431973527661236,0.005086891461445554,2.9049835659417313,93.0
5,0.4977684694749962,3.3992843913951103,0.11716147384320015,0.34070644090266705,0.22410197127250955,0.7654500827233574,3.2061276775208745,0.76623220345226,2.143838253950917,93.0
6,0.29898891865051325,2.32982435871358,0.15324452380339132,0.34070644090266705,0.30063727263882395,0.8047448391639359,3.166832921080296,0.5801755995124731,2.3298948578907037,93.0
7,0.20799533650993896,2.504525155012167,0.16395948334047683,0.34070644090266705,0.35229631444474935,0.827815058834583,3.143762701409649,0.7080738484669336,2.201996608936243,93.0
2,0.7640263412030053,4.8603430043090405,0.2904078696775177,0.23985011642282206,1.0601884482889399,2.2458939422347446,7.805902192169601,4.243631409758867,8.243637586321366,94.0
3,0.49192335410623933,3.0569166019684255,0.06160490673803816,0.23985011642282206,0.10850382220380787,1.3925886709035054,8.65920746350084,2.077975441978411,10.409293554101822,94.0
5,0.720884722853085,3.137688989225349,0.04380378837444677,0.23985011642282206,0.06410712071668008,1.250325030716612,8.801471103687733,1.6373477683508906,10.849921227729343,94.0
8,0.39534738722823826,3.664879482241314,0.17752061813310316,0.23985011642282206,0.4207312856209567,0.1555004145412688,9.896295719863076,1.9457294618891976,10.541539534191037,94.0
9,0.03156931882571312,3.730952820837949,0.1776784259184194,0.23985011642282206,0.5339055631901614,2.822659901790084,7.229136232614261,2.262641005260324,10.22462799081991,94.0
10,0.6876918491598092,1.98945036258426,0.009134274735652427,0.23985011642282206,0.010618486824976577,2.184828174218129,7.866967960186216,0.31994390884254287,12.16732508723769,94.0
1,0.6367447357701363,6.028676836974422,0.286828772731187,0.5659891242236289,1.2797677702509065,1.621650418049528,1.2025361278671254,0.563948328022374,0.016698988024835604,95.0
2,0.5755745230317366,3.163999191782138,0.1471821030451838,0.5659891242236289,0.3435411279805227,1.2025361278671252,1.6216504180495281,0.016698988024835604,0.563948328022374,95.0
4,0.40329246246217876,3.09959427023333,0.046626543954946226,0.4347202536845283,0.08023139748925875,0.6712012039811062,5.585766270213286,0.18580213097898876,1.945777143655464,96.0
5,0.70080500450652,6.167485383951285,0.20270443752857176,0.4347202536845283,1.0047955343770876,2.3598405799779596,3.897126894216432,0.5255220385954681,1.6060572360389846,96.0
6,0.12435084050815237,2.6496721309269766,0.10519426564477762,0.4347202536845283,0.22454550872479997,0.8512242040323403,5.405743270162051,0.6044730486690039,1.5271062259654489,96.0
9,0.8196649953226756,3.449634438043955,0.10889817853565925,0.4347202536845283,0.2160751704050064,1.3359590051688957,4.921008469025496,0.6408119888244553,1.4907672858099974,96.0
10,0.026816252706892474,2.232191262886101,0.1018563206515166,0.4347202536845283,0.1739851240306842,1.0387424810340902,5.218224993160302,0.17497006756653688,1.956609207067916,96.0
1,0.82090183573612,3.452997928186149,0.1590285085828304,0.4712826428249464,0.3439049794375833,0.7764202133187652,1.9330853869096392,0.4857354237789761,0.7927069153523154,97.0
5,0.6539403385909324,3.691134258428699,0.1848391488990048,0.4712826428249464,0.5177089985657726,1.111506501310108,1.5979990989182964,0.3697112132951097,0.9087311258361819,97.0
10,0.2818448716938182,2.812154122061198,0.18484969969321835,0.4712826428249464,0.41862301856099815,0.8215788855995313,1.8879267146288732,0.4229957020572056,0.855446637074086,97.0
1,0.9122233207191082,4.0707265593518756,0.21984475041693252,0.5836834391044221,0.5250551230087127,0.12850030561046244,1.0091488024185638,1.0653857312858508,0.2459597833965499,98.0
2,0.4212278200210757,5.560037885236862,0.1964718104786452,0.5836834391044221,0.8457988428726243,1.0091488024185638,0.12850030561046255,0.24595978339654997,1.0653857312858508,98.0
2,0.3289763385328961,2.4103336223696923,0.09922317703731567,0.14788698196791686,0.19177668079806584,0.47722263940271503,6.435127705922701,1.2021720591360316,5.0107973925366185,99.0
3,0.15531672560015486,3.0051425969294616,0.17894416994461607,0.14788698196791686,0.4361104234649329,0.377302828839164,6.5350475164862525,1.7499428029418103,4.463026648730839,99.0
4,0.5569825969656477,4.183933665523495,0.1406270893024619,0.14788698196791686,0.3868503884391474,1.9838188067077225,4.928531538617694,1.2392262122336546,4.9737432394389955,99.0
8,0.08644902091889195,7.802504692963156,0.2982068662214651,0.14788698196791686,2.1786773465240743,3.6980024240024907,3.2143479213229256,0.3219763519183415,5.890993099754308,99.0
9,0.34499114727410163,2.7376895817743003,0.05642825719625332,0.14788698196791686,0.09658233633846582,0.08828250832454174,6.824067837000874,0.39644583856120713,5.816523613111443,99.0
10,0.6687212710806687,3.064843574081638,0.07868345832997116,0.14788698196791686,0.12609273480529498,0.287721138048782,6.624629207276635,1.3032061868816038,4.909763264791046,99.0
3,0.08555878351323387,3.1083372578294357,0.16382230401854916,0.29922736289267793,0.44102940561955045,0.4651378619922607,8.2498195639232,0.948806609558233,1.3086096396087763,100.0
4,0.9998521318537519,3.0834249753397867,0.027119532560928524,0.29922736289267793,0.03233561486834677,0.9189499775745211,7.79600744834094,0.32720907210751454,1.9302071770594948,100.0
8,0.00836083221323225,11.867799874650942,0.35763660602732167,0.29922736289267793,4.0788977561715605,4.772064817343719,3.942892608571742,0.26399410785188204,1.9934221413151274,100.0
9,0.1477574337710721,3.3523993204675477,0.15219419450052285,0.29922736289267793,0.38334723422395944,2.558804769004959,6.156152656910502,0.7174064596493799,1.5400097895176295,100.0
